{"model_loss": 59.56876754760742, "kl_loss": 1.4538232803344726, "reward_loss": 0.9191919684410095, "cost_loss": 0.9482203841209411, "langrange_loss": -270.58533935546876, "obs_loss": 57.54740447998047, "value_loss": 0.8832582950592041, "actor_loss": 0.5956039369106293, "prior_entropy": 15.648954391479492, "posterior_entropy": 13.932812309265136, "pcont_loss": 0.0017137924034614116, "mean_targ": -0.06627428084611893, "min_targ": -0.06935451552271843, "max_targ": -0.0621383398771286, "std_targ": 0.0024751839926466348, "train_rewards": 3.4655462502665775, "train_costs": 86.0, "action_ent": -2.9393215610980987, "_timestamp": 1669877619.019243, "_runtime": 5883.942708969116, "_step": 13000}