{"model_loss": 60.56834716796875, "kl_loss": 1.0240841388702393, "reward_loss": 0.9189440131187439, "cost_loss": 0.9273386001586914, "langrange_loss": 0.0, "obs_loss": 58.55730667114258, "value_loss": 0.8830698013305665, "actor_loss": 0.09647097438573837, "prior_entropy": 38.21307220458984, "posterior_entropy": 36.73216323852539, "pcont_loss": 0.012470067664980888, "mean_targ": -0.012112430669367314, "min_targ": -0.014999833703041077, "max_targ": -0.009219398826826364, "std_targ": 0.001981257100123912, "_timestamp": 1669732922.1514628, "_runtime": 2449.1597018241882, "_step": 2400, "train_rewards": 0.04615903354615947, "train_costs": 17.0, "action_ent": -1.0235671695208874}