{"model_loss": 61.01473617553711, "kl_loss": 0.10093630850315094, "reward_loss": 0.9189425349235535, "cost_loss": 0.9189424753189087, "langrange_loss": -40.72933120727539, "obs_loss": 59.12253875732422, "value_loss": 0.8831092476844787, "actor_loss": 0.6746697425842285, "prior_entropy": 53.24826278686523, "posterior_entropy": 53.02846755981445, "pcont_loss": 0.008843849599361419, "mean_targ": -0.07420729398727417, "min_targ": -0.0772244617342949, "max_targ": -0.07136122807860375, "std_targ": 0.0020073011663043873, "train_rewards": 0.4793481951315943, "train_costs": 0.0, "action_ent": -5.7860322296619415, "_timestamp": 1669841015.645161, "_runtime": 724.6210849285126, "_step": 1000, "_wandb": {"runtime": 858}}