{"model_loss": 58.904972839355466, "kl_loss": 1.5065434217453002, "reward_loss": 0.9192641735076904, "cost_loss": 0.9435332655906677, "langrange_loss": -557.6523071289063, "obs_loss": 56.85914764404297, "value_loss": 0.884186589717865, "actor_loss": -1.2278367757797242, "prior_entropy": 14.799123954772949, "posterior_entropy": 13.300331115722656, "pcont_loss": 0.006474616448394954, "mean_targ": 0.14758164584636688, "min_targ": 0.14025310426950455, "max_targ": 0.1549374893307686, "std_targ": 0.0049941179808229205, "_timestamp": 1669745850.798416, "_runtime": 11159.273333787918, "_step": 13400, "train_rewards": -0.4994375698885809, "train_costs": 0.0, "action_ent": -5.831809058323502}