{"model_loss": 68.99171447753906, "kl_loss": 0.22331106662750244, "reward_loss": 0.919019341468811, "cost_loss": 0.9190686345100403, "langrange_loss": 0.0, "obs_loss": 64.94776153564453, "value_loss": 0.8843747496604919, "actor_loss": 0.46365692615509035, "prior_entropy": 59.872301483154295, "posterior_entropy": 59.60730972290039, "pcont_loss": 0.4367072761058807, "mean_targ": -0.04661847352981567, "min_targ": -0.06240672059357166, "max_targ": -0.027650671452283858, "std_targ": 0.011980411130934954, "_timestamp": 1669730313.28277, "_runtime": 256.38216185569763, "_step": 200, "_wandb": {"runtime": 253}}