{"model_loss": 59.5598648071289, "kl_loss": 1.6372884035110473, "reward_loss": 0.9189448475837707, "cost_loss": 0.9201231956481933, "langrange_loss": -124.67966156005859, "obs_loss": 57.50966262817383, "value_loss": 0.8830604791641236, "actor_loss": 0.36280885338783264, "prior_entropy": 13.937874031066894, "posterior_entropy": 12.390980529785157, "pcont_loss": 0.009481006464920939, "mean_targ": -0.04313938245177269, "min_targ": -0.046213070303201674, "max_targ": -0.04022647812962532, "std_targ": 0.00205274885520339, "train_rewards": -0.022504601280812553, "number_games": 3, "train_costs": 29.0, "action_ent": 1.11945906117931, "_timestamp": 1670388727.789719, "_runtime": 7216.078902006149, "_step": 3000}